timestamp,leader_pwm,leader_norm,leader_range_pct,piper_gripper_pos,piper_gripper_norm,norm_diff,event
1769396283.9754975,2122,0.0,-0.7556675062972292,95900,9.59,9.59,
1769396284.0259728,2122,0.0,-0.7556675062972292,95900,9.59,9.59,
1769396284.0764372,2122,0.0,-0.7556675062972292,95900,9.59,9.59,
1769396284.126876,2122,0.0,-0.7556675062972292,95900,9.59,9.59,
1769396284.1773424,2122,0.0,-0.7556675062972292,95900,9.59,9.59,
1769396284.227793,2122,0.0,-0.7556675062972292,95900,9.59,9.59,
1769396284.2782567,2122,0.0,-0.7556675062972292,95900,9.59,9.59,
1769396284.3286479,2122,0.0,-0.7556675062972292,95900,9.59,9.59,
1769396284.3792133,2122,0.0,-0.7556675062972292,95900,9.59,9.59,
1769396284.429981,2122,0.0,-0.7556675062972292,95900,9.59,9.59,
1769396284.4806538,2122,0.0,-0.7556675062972292,95900,9.59,9.59,
1769396284.531118,2122,0.0,-0.7556675062972292,95900,9.59,9.59,
1769396284.5815713,2122,0.0,-0.7556675062972292,95900,9.59,9.59,
1769396284.632,2122,0.0,-0.7556675062972292,95900,9.59,9.59,
1769396284.6824353,2122,0.0,-0.7556675062972292,95900,9.59,9.59,
1769396284.7328556,2122,0.0,-0.7556675062972292,95900,9.59,9.59,
1769396284.783284,2122,0.0,-0.7556675062972292,95900,9.59,9.59,
1769396284.8337266,2122,0.0,-0.7556675062972292,95900,9.59,9.59,
1769396284.8844595,2122,0.0,-0.7556675062972292,95900,9.59,9.59,
1769396284.9349525,2122,0.0,-0.7556675062972292,95900,9.59,9.59,
1769396284.9856083,2122,0.0,-0.7556675062972292,95900,9.59,9.59,
1769396285.0361059,2122,0.0,-0.7556675062972292,95900,9.59,9.59,
1769396285.086532,2122,0.0,-0.7556675062972292,95900,9.59,9.59,
1769396285.1369908,2122,0.0,-0.7556675062972292,95900,9.59,9.59,
1769396285.187501,2122,0.0,-0.7556675062972292,95900,9.59,9.59,
1769396285.2379313,2122,0.0,-0.7556675062972292,95900,9.59,9.59,
1769396285.2883728,2122,0.0,-0.7556675062972292,95900,9.59,9.59,
1769396285.3388093,2122,0.0,-0.7556675062972292,95900,9.59,9.59,
1769396285.3893466,2122,0.0,-0.7556675062972292,95900,9.59,9.59,
1769396285.4400892,2122,0.0,-0.7556675062972292,95900,9.59,9.59,
1769396285.49072,2122,0.0,-0.7556675062972292,95900,9.59,9.59,
1769396285.5412643,2122,0.0,-0.7556675062972292,95900,9.59,9.59,
1769396285.5917377,2122,0.0,-0.7556675062972292,95900,9.59,9.59,
1769396285.642274,2122,0.0,-0.7556675062972292,95900,9.59,9.59,
1769396285.6927323,2122,0.0,-0.7556675062972292,95900,9.59,9.59,
1769396285.7431903,2122,0.0,-0.7556675062972292,95900,9.59,9.59,
1769396285.7936456,2122,0.0,-0.7556675062972292,95900,9.59,9.59,
1769396285.8442097,2122,0.0,-0.7556675062972292,95900,9.59,9.59,
1769396285.8950481,2122,0.0,-0.7556675062972292,95900,9.59,9.59,
1769396285.9458995,2122,0.0,-0.7556675062972292,95900,9.59,9.59,
1769396285.9963596,2122,0.0,-0.7556675062972292,95900,9.59,9.59,
1769396286.0468292,2122,0.0,-0.7556675062972292,95900,9.59,9.59,
1769396286.0973358,2122,0.0,-0.7556675062972292,95900,9.59,9.59,
1769396286.1477993,2122,0.0,-0.7556675062972292,95900,9.59,9.59,
1769396286.1982849,2122,0.0,-0.7556675062972292,95900,9.59,9.59,
1769396286.2487621,2122,0.0,-0.7556675062972292,95900,9.59,9.59,
1769396286.2995446,2122,0.0,-0.7556675062972292,95900,9.59,9.59,
1769396286.3502862,2122,0.0,-0.7556675062972292,95900,9.59,9.59,
1769396286.400787,2122,0.0,-0.7556675062972292,95900,9.59,9.59,
1769396286.4512682,2122,0.0,-0.7556675062972292,95900,9.59,9.59,
1769396286.5017283,2122,0.0,-0.7556675062972292,95900,9.59,9.59,
1769396286.552164,2122,0.0,-0.7556675062972292,95900,9.59,9.59,
1769396286.6026106,2122,0.0,-0.7556675062972292,95900,9.59,9.59,
1769396286.653014,2122,0.0,-0.7556675062972292,95900,9.59,9.59,
1769396286.7035065,2122,0.0,-0.7556675062972292,95900,9.59,9.59,
1769396286.7539337,2122,0.0,-0.7556675062972292,95900,9.59,9.59,
1769396286.8047185,2122,0.0,-0.7556675062972292,95900,9.59,9.59,
1769396286.8554928,2122,0.0,-0.7556675062972292,95900,9.59,9.59,
1769396286.9060898,2122,0.0,-0.7556675062972292,95900,9.59,9.59,
1769396286.9565775,2122,0.0,-0.7556675062972292,95900,9.59,9.59,
1769396287.007045,2122,0.0,-0.7556675062972292,95900,9.59,9.59,
1769396287.057528,2122,0.0,-0.7556675062972292,95900,9.59,9.59,
1769396287.108014,2122,0.0,-0.7556675062972292,95900,9.59,9.59,
1769396287.1585455,2122,0.0,-0.7556675062972292,95900,9.59,9.59,
1769396287.2090862,2122,0.0,-0.7556675062972292,95900,9.59,9.59,
1769396287.2597582,2122,0.0,-0.7556675062972292,95900,9.59,9.59,
1769396287.3104904,2122,0.0,-0.7556675062972292,95900,9.59,9.59,
1769396287.361006,2122,0.0,-0.7556675062972292,95900,9.59,9.59,
1769396287.4114392,2122,0.0,-0.7556675062972292,95900,9.59,9.59,
1769396287.4618828,2122,0.0,-0.7556675062972292,95900,9.59,9.59,
1769396287.5123215,2122,0.0,-0.7556675062972292,95900,9.59,9.59,
1769396287.562768,2122,0.0,-0.7556675062972292,95900,9.59,9.59,
1769396287.6131825,2122,0.0,-0.7556675062972292,95900,9.59,9.59,
1769396287.6636019,2122,0.0,-0.7556675062972292,95900,9.59,9.59,
1769396287.71407,2122,0.0,-0.7556675062972292,95900,9.59,9.59,
1769396287.7650297,2122,0.0,-0.7556675062972292,95900,9.59,9.59,
1769396287.8159723,2122,0.0,-0.7556675062972292,95900,9.59,9.59,
1769396287.8664587,2122,0.0,-0.7556675062972292,95900,9.59,9.59,
1769396287.9169188,2122,0.0,-0.7556675062972292,95900,9.59,9.59,
1769396287.9673712,2122,0.0,-0.7556675062972292,95900,9.59,9.59,
1769396288.0178268,2122,0.0,-0.7556675062972292,95900,9.59,9.59,
1769396288.0683172,2122,0.0,-0.7556675062972292,95900,9.59,9.59,
1769396288.1187842,2122,0.0,-0.7556675062972292,95900,9.59,9.59,
1769396288.1694663,2122,0.0,-0.7556675062972292,95900,9.59,9.59,
1769396288.2202606,2122,0.0,-0.7556675062972292,95900,9.59,9.59,
1769396288.2710474,2122,0.0,-0.7556675062972292,95900,9.59,9.59,
1769396288.3215716,2122,0.0,-0.7556675062972292,95900,9.59,9.59,
1769396288.3720355,2122,0.0,-0.7556675062972292,95900,9.59,9.59,
1769396288.4225612,2122,0.0,-0.7556675062972292,95900,9.59,9.59,
1769396288.47301,2122,0.0,-0.7556675062972292,95900,9.59,9.59,
1769396288.5234685,2122,0.0,-0.7556675062972292,95900,9.59,9.59,
1769396288.5739412,2122,0.0,-0.7556675062972292,95900,9.59,9.59,
1769396288.624687,2122,0.0,-0.7556675062972292,95900,9.59,9.59,
1769396288.6754003,2122,0.0,-0.7556675062972292,95900,9.59,9.59,
1769396288.7259772,2122,0.0,-0.7556675062972292,95900,9.59,9.59,
1769396288.7764697,2122,0.0,-0.7556675062972292,95900,9.59,9.59,
1769396288.826909,2122,0.0,-0.7556675062972292,95900,9.59,9.59,
1769396288.8773744,2122,0.0,-0.7556675062972292,95900,9.59,9.59,
1769396288.927828,2122,0.0,-0.7556675062972292,95900,9.59,9.59,
1769396288.9783316,2122,0.0,-0.7556675062972292,95900,9.59,9.59,
1769396289.028801,2122,0.0,-0.7556675062972292,95900,9.59,9.59,
1769396289.0793118,2122,0.0,-0.7556675062972292,95900,9.59,9.59,
1769396289.129786,2122,0.0,-0.7556675062972292,95900,9.59,9.59,
1769396289.1805198,2122,0.0,-0.7556675062972292,95900,9.59,9.59,
1769396289.2311103,2122,0.0,-0.7556675062972292,95900,9.59,9.59,
1769396289.2815623,2122,0.0,-0.7556675062972292,95900,9.59,9.59,
1769396289.3320098,2122,0.0,-0.7556675062972292,95900,9.59,9.59,
1769396289.3824465,2122,0.0,-0.7556675062972292,95900,9.59,9.59,
1769396289.4329045,2122,0.0,-0.7556675062972292,95900,9.59,9.59,
1769396289.483394,2122,0.0,-0.7556675062972292,95900,9.59,9.59,
1769396289.5338812,2122,0.0,-0.7556675062972292,95900,9.59,9.59,
1769396289.5845478,2122,0.0,-0.7556675062972292,95900,9.59,9.59,
1769396289.6350963,2122,0.0,-0.7556675062972292,95900,9.59,9.59,
1769396289.685916,2122,0.0,-0.7556675062972292,95900,9.59,9.59,
1769396289.7364,2122,0.0,-0.7556675062972292,95900,9.59,9.59,
1769396289.786858,2122,0.0,-0.7556675062972292,95900,9.59,9.59,
1769396289.837355,2122,0.0,-0.7556675062972292,95900,9.59,9.59,
1769396289.8878038,2122,0.0,-0.7556675062972292,95900,9.59,9.59,
1769396289.938289,2122,0.0,-0.7556675062972292,95900,9.59,9.59,
1769396289.9887462,2122,0.0,-0.7556675062972292,95900,9.59,9.59,
1769396290.0394912,2122,0.0,-0.7556675062972292,95900,9.59,9.59,
1769396290.090195,2122,0.0,-0.7556675062972292,95900,9.59,9.59,
1769396290.1408517,2122,0.0,-0.7556675062972292,95900,9.59,9.59,
1769396290.191358,2122,0.0,-0.7556675062972292,95900,9.59,9.59,
1769396290.2418463,2122,0.0,-0.7556675062972292,95900,9.59,9.59,
1769396290.2923598,2122,0.0,-0.7556675062972292,95900,9.59,9.59,
1769396290.3428266,2122,0.0,-0.7556675062972292,95900,9.59,9.59,
1769396290.3932838,2122,0.0,-0.7556675062972292,95900,9.59,9.59,
1769396290.4437494,2122,0.0,-0.7556675062972292,95900,9.59,9.59,
1769396290.4943938,2122,0.0,-0.7556675062972292,95900,9.59,9.59,
1769396290.5452223,2122,0.0,-0.7556675062972292,95900,9.59,9.59,
1769396290.595953,2122,0.0,-0.7556675062972292,95900,9.59,9.59,
1769396290.6464376,2122,0.0,-0.7556675062972292,95900,9.59,9.59,
1769396290.6968675,2122,0.0,-0.7556675062972292,95900,9.59,9.59,
1769396290.7473485,2122,0.0,-0.7556675062972292,95900,9.59,9.59,
1769396290.7977839,2122,0.0,-0.7556675062972292,95900,9.59,9.59,
1769396290.848218,2122,0.0,-0.7556675062972292,95900,9.59,9.59,
1769396290.8986893,2122,0.0,-0.7556675062972292,95900,9.59,9.59,
1769396290.9491131,2122,0.0,-0.7556675062972292,95900,9.59,9.59,
1769396290.999987,2122,0.0,-0.7556675062972292,95900,9.59,9.59,
1769396291.0505784,2122,0.0,-0.7556675062972292,95900,9.59,9.59,
1769396291.1010153,2122,0.0,-0.7556675062972292,95900,9.59,9.59,
1769396291.151455,2122,0.0,-0.7556675062972292,95900,9.59,9.59,
1769396291.2018862,2122,0.0,-0.7556675062972292,95900,9.59,9.59,
1769396291.2523558,2122,0.0,-0.7556675062972292,95900,9.59,9.59,
1769396291.3028119,2122,0.0,-0.7556675062972292,95900,9.59,9.59,
1769396291.3532255,2122,0.0,-0.7556675062972292,95900,9.59,9.59,
1769396291.4036512,2122,0.0,-0.7556675062972292,95900,9.59,9.59,
1769396291.454157,2122,0.0,-0.7556675062972292,95900,9.59,9.59,
1769396291.504906,2122,0.0,-0.7556675062972292,95900,9.59,9.59,
1769396291.5554833,2122,0.0,-0.7556675062972292,95900,9.59,9.59,
1769396291.6060588,2122,0.0,-0.7556675062972292,95900,9.59,9.59,
1769396291.6565158,2122,0.0,-0.7556675062972292,95900,9.59,9.59,
1769396291.7069511,2122,0.0,-0.7556675062972292,95900,9.59,9.59,
1769396291.7574022,2122,0.0,-0.7556675062972292,95900,9.59,9.59,
1769396291.8078501,2122,0.0,-0.7556675062972292,95900,9.59,9.59,
1769396291.8582816,2122,0.0,-0.7556675062972292,95900,9.59,9.59,
1769396291.9086914,2122,0.0,-0.7556675062972292,95900,9.59,9.59,
1769396291.959226,2122,0.0,-0.7556675062972292,95900,9.59,9.59,
1769396292.010158,2122,0.0,-0.7556675062972292,95900,9.59,9.59,
1769396292.0607688,2122,0.0,-0.7556675062972292,95900,9.59,9.59,
1769396292.1111984,2122,0.0,-0.7556675062972292,95900,9.59,9.59,
1769396292.161632,2122,0.0,-0.7556675062972292,95900,9.59,9.59,
1769396292.212066,2122,0.0,-0.7556675062972292,95900,9.59,9.59,
1769396292.2624903,2122,0.0,-0.7556675062972292,95900,9.59,9.59,
1769396292.3129232,2122,0.0,-0.7556675062972292,95900,9.59,9.59,
1769396292.3633766,2122,0.0,-0.7556675062972292,95900,9.59,9.59,
1769396292.4137933,2122,0.0,-0.7556675062972292,95900,9.59,9.59,
1769396292.4643543,2122,0.0,-0.7556675062972292,95900,9.59,9.59,
1769396292.514932,2122,0.0,-0.7556675062972292,95900,9.59,9.59,
1769396292.5656567,2122,0.0,-0.7556675062972292,95900,9.59,9.59,
1769396292.6161594,2122,0.0,-0.7556675062972292,95900,9.59,9.59,
1769396292.6666026,2122,0.0,-0.7556675062972292,95900,9.59,9.59,
1769396292.717076,2122,0.0,-0.7556675062972292,95900,9.59,9.59,
1769396292.7674901,2122,0.0,-0.7556675062972292,95900,9.59,9.59,
1769396292.817909,2122,0.0,-0.7556675062972292,95900,9.59,9.59,
1769396292.8684134,2122,0.0,-0.7556675062972292,95900,9.59,9.59,
1769396292.918856,2122,0.0,-0.7556675062972292,95900,9.59,9.59,
1769396292.9694407,2122,0.0,-0.7556675062972292,95900,9.59,9.59,
1769396293.0199902,2122,0.0,-0.7556675062972292,95900,9.59,9.59,
1769396293.0704875,2122,0.0,-0.7556675062972292,95900,9.59,9.59,
1769396293.1210132,2122,0.0,-0.7556675062972292,95900,9.59,9.59,
1769396293.17149,2122,0.0,-0.7556675062972292,95900,9.59,9.59,
1769396293.2219188,2122,0.0,-0.7556675062972292,95900,9.59,9.59,
1769396293.2724216,2122,0.0,-0.7556675062972292,95900,9.59,9.59,
1769396293.322868,2122,0.0,-0.7556675062972292,95900,9.59,9.59,
1769396293.373292,2122,0.0,-0.7556675062972292,95900,9.59,9.59,
1769396293.4237497,2122,0.0,-0.7556675062972292,95900,9.59,9.59,
1769396293.4742002,2122,0.0,-0.7556675062972292,95900,9.59,9.59,
1769396293.5248454,2122,0.0,-0.7556675062972292,95900,9.59,9.59,
1769396293.5755367,2122,0.0,-0.7556675062972292,95900,9.59,9.59,
1769396293.6261003,2122,0.0,-0.7556675062972292,95900,9.59,9.59,
1769396293.6765666,2122,0.0,-0.7556675062972292,95900,9.59,9.59,
1769396293.7270172,2122,0.0,-0.7556675062972292,95900,9.59,9.59,
1769396293.777466,2122,0.0,-0.7556675062972292,95900,9.59,9.59,
1769396293.8278704,2122,0.0,-0.7556675062972292,95900,9.59,9.59,
1769396293.8782783,2122,0.0,-0.7556675062972292,95900,9.59,9.59,
1769396293.928693,2122,0.0,-0.7556675062972292,95900,9.59,9.59,
1769396293.979119,2122,0.0,-0.7556675062972292,95900,9.59,9.59,
1769396294.0298007,2122,0.0,-0.7556675062972292,95900,9.59,9.59,
1769396294.0803013,2122,0.0,-0.7556675062972292,95900,9.59,9.59,
1769396294.1309395,2122,0.0,-0.7556675062972292,95900,9.59,9.59,
1769396294.1814003,2122,0.0,-0.7556675062972292,95900,9.59,9.59,
1769396294.231841,2122,0.0,-0.7556675062972292,95900,9.59,9.59,
1769396294.2823439,2122,0.0,-0.7556675062972292,95900,9.59,9.59,
1769396294.3328404,2122,0.0,-0.7556675062972292,95900,9.59,9.59,
1769396294.3833175,2122,0.0,-0.7556675062972292,95900,9.59,9.59,
1769396294.433772,2122,0.0,-0.7556675062972292,95900,9.59,9.59,
1769396294.4843805,2122,0.0,-0.7556675062972292,95900,9.59,9.59,
1769396294.5354028,2122,0.0,-0.7556675062972292,95900,9.59,9.59,
1769396294.586066,2122,0.0,-0.7556675062972292,95900,9.59,9.59,
1769396294.6364958,2122,0.0,-0.7556675062972292,95900,9.59,9.59,
1769396294.6869543,2122,0.0,-0.7556675062972292,95900,9.59,9.59,
1769396294.7374222,2122,0.0,-0.7556675062972292,95900,9.59,9.59,
1769396294.7878368,2122,0.0,-0.7556675062972292,95900,9.59,9.59,
1769396294.838319,2122,0.0,-0.7556675062972292,95900,9.59,9.59,
1769396294.8888779,2122,0.0,-0.7556675062972292,95900,9.59,9.59,
1769396294.9394422,2122,0.0,-0.7556675062972292,95900,9.59,9.59,
1769396294.990148,2122,0.0,-0.7556675062972292,95900,9.59,9.59,
1769396295.040828,2122,0.0,-0.7556675062972292,95900,9.59,9.59,
1769396295.0913117,2122,0.0,-0.7556675062972292,95900,9.59,9.59,
1769396295.1417594,2122,0.0,-0.7556675062972292,95900,9.59,9.59,
1769396295.192218,2122,0.0,-0.7556675062972292,95900,9.59,9.59,
1769396295.2427049,2122,0.0,-0.7556675062972292,95900,9.59,9.59,
1769396295.293155,2122,0.0,-0.7556675062972292,95900,9.59,9.59,
1769396295.3436036,2122,0.0,-0.7556675062972292,95900,9.59,9.59,
1769396295.3940508,2122,0.0,-0.7556675062972292,95900,9.59,9.59,
1769396295.4446416,2122,0.0,-0.7556675062972292,95900,9.59,9.59,
1769396295.4952948,2122,0.0,-0.7556675062972292,95900,9.59,9.59,
1769396295.5459948,2122,0.0,-0.7556675062972292,95900,9.59,9.59,
1769396295.5964644,2122,0.0,-0.7556675062972292,95900,9.59,9.59,
1769396295.6469219,2122,0.0,-0.7556675062972292,95900,9.59,9.59,
1769396295.6973624,2122,0.0,-0.7556675062972292,95900,9.59,9.59,
1769396295.7478387,2122,0.0,-0.7556675062972292,95900,9.59,9.59,
1769396295.7982647,2122,0.0,-0.7556675062972292,95900,9.59,9.59,
1769396295.8486936,2122,0.0,-0.7556675062972292,95900,9.59,9.59,
1769396295.899112,2122,0.0,-0.7556675062972292,95900,9.59,9.59,
1769396295.949771,2122,0.0,-0.7556675062972292,95900,9.59,9.59,
1769396296.00063,2122,0.0,-0.7556675062972292,95900,9.59,9.59,
1769396296.0511627,2122,0.0,-0.7556675062972292,95900,9.59,9.59,
1769396296.1016076,2122,0.0,-0.7556675062972292,95900,9.59,9.59,
1769396296.1520557,2122,0.0,-0.7556675062972292,95900,9.59,9.59,
1769396296.202525,2122,0.0,-0.7556675062972292,95900,9.59,9.59,
1769396296.2529998,2122,0.0,-0.7556675062972292,95900,9.59,9.59,
1769396296.303484,2122,0.0,-0.7556675062972292,95900,9.59,9.59,
1769396296.3539217,2122,0.0,-0.7556675062972292,95900,9.59,9.59,
1769396296.404435,2122,0.0,-0.7556675062972292,95900,9.59,9.59,
1769396296.4551325,2122,0.0,-0.7556675062972292,95900,9.59,9.59,
1769396296.5058715,2122,0.0,-0.7556675062972292,95900,9.59,9.59,
1769396296.5563276,2122,0.0,-0.7556675062972292,95900,9.59,9.59,
1769396296.6067905,2122,0.0,-0.7556675062972292,95900,9.59,9.59,
1769396296.6572518,2122,0.0,-0.7556675062972292,95900,9.59,9.59,
1769396296.7077277,2122,0.0,-0.7556675062972292,95900,9.59,9.59,
1769396296.758192,2122,0.0,-0.7556675062972292,95900,9.59,9.59,
1769396296.8086448,2122,0.0,-0.7556675062972292,95900,9.59,9.59,
1769396296.8591063,2122,0.0,-0.7556675062972292,95900,9.59,9.59,
1769396296.9097602,2122,0.0,-0.7556675062972292,95900,9.59,9.59,
1769396296.9603412,2122,0.0,-0.7556675062972292,95900,9.59,9.59,
1769396297.0110018,2122,0.0,-0.7556675062972292,95900,9.59,9.59,
1769396297.0614862,2122,0.0,-0.7556675062972292,95900,9.59,9.59,
1769396297.1119404,2122,0.0,-0.7556675062972292,95900,9.59,9.59,
1769396297.1623828,2122,0.0,-0.7556675062972292,95900,9.59,9.59,
1769396297.2128215,2122,0.0,-0.7556675062972292,95900,9.59,9.59,
1769396297.2632723,2122,0.0,-0.7556675062972292,95900,9.59,9.59,
1769396297.313715,2122,0.0,-0.7556675062972292,95900,9.59,9.59,
1769396297.364176,2122,0.0,-0.7556675062972292,95900,9.59,9.59,
1769396297.4147453,2122,0.0,-0.7556675062972292,95900,9.59,9.59,
1769396297.465429,2122,0.0,-0.7556675062972292,95900,9.59,9.59,
1769396297.5159879,2122,0.0,-0.7556675062972292,95900,9.59,9.59,
1769396297.5664825,2122,0.0,-0.7556675062972292,95900,9.59,9.59,
1769396297.6169205,2122,0.0,-0.7556675062972292,95900,9.59,9.59,
1769396297.6673372,2122,0.0,-0.7556675062972292,95900,9.59,9.59,
1769396297.7177505,2122,0.0,-0.7556675062972292,95900,9.59,9.59,
1769396297.7681658,2122,0.0,-0.7556675062972292,95900,9.59,9.59,
1769396297.8185928,2122,0.0,-0.7556675062972292,95900,9.59,9.59,
1769396297.8690104,2122,0.0,-0.7556675062972292,95900,9.59,9.59,
1769396297.9195716,2122,0.0,-0.7556675062972292,95900,9.59,9.59,
1769396297.9701262,2122,0.0,-0.7556675062972292,95900,9.59,9.59,
1769396298.020876,2122,0.0,-0.7556675062972292,95900,9.59,9.59,
1769396298.0712986,2122,0.0,-0.7556675062972292,95900,9.59,9.59,
1769396298.1217399,2122,0.0,-0.7556675062972292,95900,9.59,9.59,
1769396298.1721833,2122,0.0,-0.7556675062972292,95900,9.59,9.59,
1769396298.2226374,2122,0.0,-0.7556675062972292,95900,9.59,9.59,
1769396298.273071,2122,0.0,-0.7556675062972292,95900,9.59,9.59,
1769396298.3235228,2122,0.0,-0.7556675062972292,95900,9.59,9.59,
1769396298.3740187,2122,0.0,-0.7556675062972292,95900,9.59,9.59,
1769396298.4245982,2122,0.0,-0.7556675062972292,95900,9.59,9.59,
1769396298.47515,2122,0.0,-0.7556675062972292,95900,9.59,9.59,
1769396298.525702,2122,0.0,-0.7556675062972292,95900,9.59,9.59,
1769396298.5762832,2122,0.0,-0.7556675062972292,95900,9.59,9.59,
1769396298.626732,2122,0.0,-0.7556675062972292,95900,9.59,9.59,
1769396298.6771512,2122,0.0,-0.7556675062972292,95900,9.59,9.59,
1769396298.7275708,2122,0.0,-0.7556675062972292,95900,9.59,9.59,
1769396298.7779887,2122,0.0,-0.7556675062972292,95900,9.59,9.59,
1769396298.828432,2122,0.0,-0.7556675062972292,95900,9.59,9.59,
1769396298.878867,2122,0.0,-0.7556675062972292,95900,9.59,9.59,
1769396298.9293187,2122,0.0,-0.7556675062972292,95900,9.59,9.59,
1769396298.979889,2122,0.0,-0.7556675062972292,95900,9.59,9.59,
1769396299.0306015,2122,0.0,-0.7556675062972292,95900,9.59,9.59,
1769396299.0812624,2122,0.0,-0.7556675062972292,95900,9.59,9.59,
1769396299.1317422,2122,0.0,-0.7556675062972292,95900,9.59,9.59,
1769396299.182156,2122,0.0,-0.7556675062972292,95900,9.59,9.59,
1769396299.2325788,2122,0.0,-0.7556675062972292,95900,9.59,9.59,
1769396299.2829828,2122,0.0,-0.7556675062972292,95900,9.59,9.59,
1769396299.3334258,2122,0.0,-0.7556675062972292,95900,9.59,9.59,
1769396299.383878,2122,0.0,-0.7556675062972292,95900,9.59,9.59,
1769396299.4343815,2122,0.0,-0.7556675062972292,95900,9.59,9.59,
1769396299.4854634,2122,0.0,-0.7556675062972292,95900,9.59,9.59,
1769396299.5363765,2122,0.0,-0.7556675062972292,95900,9.59,9.59,
1769396299.5868227,2122,0.0,-0.7556675062972292,95900,9.59,9.59,
1769396299.63722,2122,0.0,-0.7556675062972292,95900,9.59,9.59,
1769396299.687681,2122,0.0,-0.7556675062972292,95900,9.59,9.59,
1769396299.7380996,2122,0.0,-0.7556675062972292,95900,9.59,9.59,
1769396299.7885258,2122,0.0,-0.7556675062972292,95900,9.59,9.59,
1769396299.8389428,2122,0.0,-0.7556675062972292,95900,9.59,9.59,
1769396299.8895879,2122,0.0,-0.7556675062972292,95900,9.59,9.59,
1769396299.9403553,2122,0.0,-0.7556675062972292,95900,9.59,9.59,
1769396299.9909348,2122,0.0,-0.7556675062972292,95900,9.59,9.59,
1769396300.0413833,2122,0.0,-0.7556675062972292,95900,9.59,9.59,
1769396300.0918398,2122,0.0,-0.7556675062972292,95900,9.59,9.59,
1769396300.1422527,2122,0.0,-0.7556675062972292,95900,9.59,9.59,
1769396300.192647,2122,0.0,-0.7556675062972292,95900,9.59,9.59,
1769396300.2430956,2122,0.0,-0.7556675062972292,95900,9.59,9.59,
1769396300.293574,2122,0.0,-0.7556675062972292,95900,9.59,9.59,
1769396300.3440096,2122,0.0,-0.7556675062972292,95900,9.59,9.59,
1769396300.3945568,2122,0.0,-0.7556675062972292,95900,9.59,9.59,
1769396300.4451313,2122,0.0,-0.7556675062972292,95900,9.59,9.59,
1769396300.4961984,2122,0.0,-0.7556675062972292,95900,9.59,9.59,
1769396300.5466592,2122,0.0,-0.7556675062972292,95900,9.59,9.59,
1769396300.5970907,2122,0.0,-0.7556675062972292,95900,9.59,9.59,
1769396300.6475394,2122,0.0,-0.7556675062972292,95900,9.59,9.59,
1769396300.6979659,2122,0.0,-0.7556675062972292,95900,9.59,9.59,
1769396300.748411,2122,0.0,-0.7556675062972292,95900,9.59,9.59,
1769396300.7988436,2122,0.0,-0.7556675062972292,95900,9.59,9.59,
1769396300.849275,2122,0.0,-0.7556675062972292,95900,9.59,9.59,
1769396300.8998494,2122,0.0,-0.7556675062972292,95900,9.59,9.59,
1769396300.9505196,2122,0.0,-0.7556675062972292,95900,9.59,9.59,
1769396301.0012643,2122,0.0,-0.7556675062972292,95900,9.59,9.59,
1769396301.0517292,2122,0.0,-0.7556675062972292,95900,9.59,9.59,
1769396301.1021762,2122,0.0,-0.7556675062972292,95900,9.59,9.59,
1769396301.1526196,2122,0.0,-0.7556675062972292,95900,9.59,9.59,
1769396301.2030804,2122,0.0,-0.7556675062972292,95900,9.59,9.59,
1769396301.2535844,2122,0.0,-0.7556675062972292,95900,9.59,9.59,
1769396301.3040462,2122,0.0,-0.7556675062972292,95900,9.59,9.59,
1769396301.3545678,2122,0.0,-0.7556675062972292,95900,9.59,9.59,
1769396301.4051337,2122,0.0,-0.7556675062972292,95900,9.59,9.59,
1769396301.455628,2122,0.0,-0.7556675062972292,95900,9.59,9.59,
1769396301.5060966,2122,0.0,-0.7556675062972292,95900,9.59,9.59,
1769396301.5565593,2122,0.0,-0.7556675062972292,95900,9.59,9.59,
1769396301.6069858,2122,0.0,-0.7556675062972292,95900,9.59,9.59,
1769396301.6573722,2122,0.0,-0.7556675062972292,95900,9.59,9.59,
1769396301.7078059,2122,0.0,-0.7556675062972292,95900,9.59,9.59,
1769396301.7582307,2122,0.0,-0.7556675062972292,95900,9.59,9.59,
1769396301.8086424,2122,0.0,-0.7556675062972292,95900,9.59,9.59,
1769396301.859052,2122,0.0,-0.7556675062972292,95900,9.59,9.59,
1769396301.909587,2122,0.0,-0.7556675062972292,95900,9.59,9.59,
1769396301.9602818,2122,0.0,-0.7556675062972292,95900,9.59,9.59,
1769396302.0109463,2122,0.0,-0.7556675062972292,95900,9.59,9.59,
1769396302.0615776,2122,0.0,-0.7556675062972292,95900,9.59,9.59,
1769396302.1119967,2122,0.0,-0.7556675062972292,95900,9.59,9.59,
1769396302.1624045,2122,0.0,-0.7556675062972292,95900,9.59,9.59,
1769396302.2128363,2123,0.0,-0.5037783375314862,95900,9.59,9.59,
1769396302.2632356,2124,0.0,-0.2518891687657431,95900,9.59,9.59,
1769396302.3136709,2124,0.0,-0.2518891687657431,95900,9.59,9.59,
1769396302.3641,2125,0.0,0.0,95900,9.59,9.59,
1769396302.414804,2131,1.5113350125944585,1.5113350125944585,95900,9.59,8.078664987405542,
1769396302.4655538,2161,9.06801007556675,9.06801007556675,95900,9.59,0.5219899244332495,
1769396302.5162292,2213,22.16624685138539,22.16624685138539,95900,9.59,12.576246851385392,
1769396302.566679,2278,38.539042821158695,38.539042821158695,95900,9.59,28.949042821158695,[大偏差 28.9%]
1769396302.6171236,2341,54.40806045340051,54.40806045340051,95900,9.59,44.818060453400506,[主臂过半] [大偏差 44.8%]
1769396302.6676035,2402,69.77329974811083,69.77329974811083,95900,9.59,60.18329974811083,[大偏差 60.2%]
1769396302.718085,2456,83.37531486146096,83.37531486146096,95900,9.59,73.78531486146096,[大偏差 73.8%]
1769396302.7686102,2497,93.70277078085643,93.70277078085643,95900,9.59,84.11277078085642,[大偏差 84.1%]
1769396302.8190377,2502,94.96221662468514,94.96221662468514,95900,9.59,85.37221662468514,[大偏差 85.4%]
1769396302.8695872,2502,94.96221662468514,94.96221662468514,95900,9.59,85.37221662468514,[大偏差 85.4%]
1769396302.92029,2501,94.7103274559194,94.7103274559194,95900,9.59,85.1203274559194,[大偏差 85.1%]
1769396302.970912,2486,90.93198992443325,90.93198992443325,95900,9.59,81.34198992443325,[大偏差 81.3%]
1769396303.0213864,2467,86.14609571788414,86.14609571788414,95900,9.59,76.55609571788413,[大偏差 76.6%]
1769396303.0718374,2446,80.85642317380352,80.85642317380352,95900,9.59,71.26642317380352,[大偏差 71.3%]
1769396303.1222641,2419,74.05541561712846,74.05541561712846,95900,9.59,64.46541561712846,[大偏差 64.5%]
1769396303.172731,2388,66.24685138539043,66.24685138539043,95900,9.59,56.656851385390425,[大偏差 56.7%]
1769396303.2231688,2353,57.43073047858942,57.43073047858942,95900,9.59,47.84073047858942,[大偏差 47.8%]
1769396303.273603,2316,48.11083123425693,48.11083123425693,95900,9.59,38.52083123425693,[大偏差 38.5%]
1769396303.3240204,2279,38.79093198992443,38.79093198992443,95900,9.59,29.20093198992443,[大偏差 29.2%]
1769396303.3744342,2243,29.72292191435768,29.72292191435768,95900,9.59,20.13292191435768,[大偏差 20.1%]
1769396303.4251463,2210,21.41057934508816,21.41057934508816,95900,9.59,11.82057934508816,
1769396303.4757254,2183,14.609571788413097,14.609571788413097,95900,9.59,5.0195717884130975,
1769396303.5263035,2162,9.319899244332493,9.319899244332493,95900,9.59,0.2701007556675066,
1769396303.5767276,2149,6.045340050377834,6.045340050377834,95900,9.59,3.544659949622166,
1769396303.6271873,2144,4.785894206549118,4.785894206549118,95900,9.59,4.804105793450882,
1769396303.6776817,2145,5.037783375314862,5.037783375314862,95900,9.59,4.552216624685138,
1769396303.7281451,2145,5.037783375314862,5.037783375314862,95900,9.59,4.552216624685138,
1769396303.7786367,2145,5.037783375314862,5.037783375314862,95900,9.59,4.552216624685138,
1769396303.829119,2145,5.037783375314862,5.037783375314862,95900,9.59,4.552216624685138,
1769396303.8799179,2145,5.037783375314862,5.037783375314862,95900,9.59,4.552216624685138,
1769396303.9304743,2145,5.037783375314862,5.037783375314862,95900,9.59,4.552216624685138,
1769396303.9811966,2145,5.037783375314862,5.037783375314862,95900,9.59,4.552216624685138,
1769396304.0316541,2145,5.037783375314862,5.037783375314862,95900,9.59,4.552216624685138,
1769396304.082134,2145,5.037783375314862,5.037783375314862,95900,9.59,4.552216624685138,
1769396304.1326475,2145,5.037783375314862,5.037783375314862,95900,9.59,4.552216624685138,
1769396304.1831434,2145,5.037783375314862,5.037783375314862,95900,9.59,4.552216624685138,
1769396304.233658,2145,5.037783375314862,5.037783375314862,95900,9.59,4.552216624685138,
1769396304.28413,2145,5.037783375314862,5.037783375314862,95900,9.59,4.552216624685138,
1769396304.334889,2145,5.037783375314862,5.037783375314862,95900,9.59,4.552216624685138,
1769396304.3854733,2145,5.037783375314862,5.037783375314862,95900,9.59,4.552216624685138,
1769396304.4360857,2145,5.037783375314862,5.037783375314862,95900,9.59,4.552216624685138,
1769396304.4865334,2145,5.037783375314862,5.037783375314862,95900,9.59,4.552216624685138,
1769396304.5369794,2145,5.037783375314862,5.037783375314862,95900,9.59,4.552216624685138,
1769396304.5874302,2145,5.037783375314862,5.037783375314862,95900,9.59,4.552216624685138,
1769396304.6378806,2145,5.037783375314862,5.037783375314862,95900,9.59,4.552216624685138,
1769396304.6883042,2145,5.037783375314862,5.037783375314862,95900,9.59,4.552216624685138,
1769396304.738758,2145,5.037783375314862,5.037783375314862,95900,9.59,4.552216624685138,
1769396304.7891762,2145,5.037783375314862,5.037783375314862,95900,9.59,4.552216624685138,
1769396304.8399813,2145,5.037783375314862,5.037783375314862,95900,9.59,4.552216624685138,
1769396304.8905232,2145,5.037783375314862,5.037783375314862,95900,9.59,4.552216624685138,
1769396304.9411871,2145,5.037783375314862,5.037783375314862,95900,9.59,4.552216624685138,
1769396304.991673,2145,5.037783375314862,5.037783375314862,95900,9.59,4.552216624685138,
1769396305.0421076,2145,5.037783375314862,5.037783375314862,95900,9.59,4.552216624685138,
1769396305.0925663,2145,5.037783375314862,5.037783375314862,95900,9.59,4.552216624685138,
1769396305.143008,2144,4.785894206549118,4.785894206549118,95900,9.59,4.804105793450882,
1769396305.1934733,2144,4.785894206549118,4.785894206549118,95900,9.59,4.804105793450882,
1769396305.2439067,2144,4.785894206549118,4.785894206549118,95900,9.59,4.804105793450882,
1769396305.2943325,2144,4.785894206549118,4.785894206549118,95900,9.59,4.804105793450882,
1769396305.3451138,2144,4.785894206549118,4.785894206549118,95900,9.59,4.804105793450882,
1769396305.3956583,2136,2.770780856423174,2.770780856423174,95900,9.59,6.8192191435768255,
1769396305.4463394,2105,0.0,-5.037783375314862,95900,9.59,9.59,
1769396305.4967716,2060,0.0,-16.3727959697733,95900,9.59,9.59,
1769396305.5471988,2016,0.0,-27.455919395465994,95900,9.59,9.59,
1769396305.5976627,1987,0.0,-34.76070528967254,95900,9.59,9.59,
1769396305.6480947,1973,0.0,-38.287153652392945,95900,9.59,9.59,
1769396305.6985264,1970,0.0,-39.042821158690174,95900,9.59,9.59,
1769396305.7489479,1969,0.0,-39.29471032745592,95900,9.59,9.59,
1769396305.7993853,1969,0.0,-39.29471032745592,95900,9.59,9.59,
1769396305.8500452,1969,0.0,-39.29471032745592,95900,9.59,9.59,
1769396305.9007792,1969,0.0,-39.29471032745592,95900,9.59,9.59,
1769396305.9513993,1969,0.0,-39.29471032745592,95900,9.59,9.59,
1769396306.0018358,1969,0.0,-39.29471032745592,95900,9.59,9.59,
1769396306.0522726,1968,0.0,-39.54659949622166,95900,9.59,9.59,
1769396306.1027133,1968,0.0,-39.54659949622166,95900,9.59,9.59,
1769396306.1531372,1968,0.0,-39.54659949622166,95900,9.59,9.59,
1769396306.2035542,1968,0.0,-39.54659949622166,95900,9.59,9.59,
1769396306.2539837,1968,0.0,-39.54659949622166,95900,9.59,9.59,
1769396306.3044207,1968,0.0,-39.54659949622166,95900,9.59,9.59,
1769396306.355145,1968,0.0,-39.54659949622166,95900,9.59,9.59,
1769396306.4056418,1968,0.0,-39.54659949622166,95900,9.59,9.59,
1769396306.4561963,1968,0.0,-39.54659949622166,95900,9.59,9.59,
1769396306.5066712,1968,0.0,-39.54659949622166,95900,9.59,9.59,
1769396306.5571158,1968,0.0,-39.54659949622166,95900,9.59,9.59,
1769396306.607529,1968,0.0,-39.54659949622166,95900,9.59,9.59,
1769396306.657928,1968,0.0,-39.54659949622166,95900,9.59,9.59,
1769396306.7083423,1968,0.0,-39.54659949622166,95900,9.59,9.59,
1769396306.7587671,1968,0.0,-39.54659949622166,95900,9.59,9.59,
1769396306.8092012,1968,0.0,-39.54659949622166,95900,9.59,9.59,
1769396306.8597915,1968,0.0,-39.54659949622166,95900,9.59,9.59,
1769396306.910684,1968,0.0,-39.54659949622166,95900,9.59,9.59,
1769396306.961283,1968,0.0,-39.54659949622166,95900,9.59,9.59,
1769396307.0118134,1968,0.0,-39.54659949622166,95900,9.59,9.59,
1769396307.0622532,1968,0.0,-39.54659949622166,95900,9.59,9.59,
1769396307.112685,1968,0.0,-39.54659949622166,95900,9.59,9.59,
1769396307.1631126,1968,0.0,-39.54659949622166,95900,9.59,9.59,
1769396307.213553,1968,0.0,-39.54659949622166,95900,9.59,9.59,
1769396307.263985,1968,0.0,-39.54659949622166,95900,9.59,9.59,
1769396307.3144038,1968,0.0,-39.54659949622166,95900,9.59,9.59,
1769396307.3654232,1968,0.0,-39.54659949622166,95900,9.59,9.59,
1769396307.4163184,1968,0.0,-39.54659949622166,95900,9.59,9.59,
1769396307.466825,1968,0.0,-39.54659949622166,95900,9.59,9.59,
1769396307.5172756,1968,0.0,-39.54659949622166,95900,9.59,9.59,
1769396307.5676923,1968,0.0,-39.54659949622166,95900,9.59,9.59,
1769396307.6181445,1968,0.0,-39.54659949622166,95900,9.59,9.59,
1769396307.6686063,1968,0.0,-39.54659949622166,95900,9.59,9.59,
1769396307.7190254,1968,0.0,-39.54659949622166,95900,9.59,9.59,
1769396307.7694836,1968,0.0,-39.54659949622166,95900,9.59,9.59,
1769396307.8203413,1968,0.0,-39.54659949622166,95900,9.59,9.59,
1769396307.8712664,1969,0.0,-39.29471032745592,95900,9.59,9.59,
1769396307.9216788,1970,0.0,-39.042821158690174,95900,9.59,9.59,
1769396307.9721537,1970,0.0,-39.042821158690174,95900,9.59,9.59,
1769396308.022577,1970,0.0,-39.042821158690174,95900,9.59,9.59,
1769396308.0730236,1971,0.0,-38.79093198992443,95900,9.59,9.59,
1769396308.1234074,1971,0.0,-38.79093198992443,95900,9.59,9.59,
1769396308.1738548,1971,0.0,-38.79093198992443,95900,9.59,9.59,
1769396308.2242806,1972,0.0,-38.539042821158695,95900,9.59,9.59,
1769396308.2748916,1975,0.0,-37.78337531486146,95900,9.59,9.59,
1769396308.3255708,1999,0.0,-31.738035264483628,95900,9.59,9.59,
1769396308.3761468,2033,0.0,-23.173803526448363,95900,9.59,9.59,
1769396308.426622,2061,0.0,-16.120906801007557,95900,9.59,9.59,
1769396308.477073,2079,0.0,-11.586901763224182,95900,9.59,9.59,
1769396308.5275428,2088,0.0,-9.319899244332493,95900,9.59,9.59,
1769396308.5779955,2095,0.0,-7.5566750629722925,95900,9.59,9.59,
1769396308.6284423,2109,0.0,-4.030226700251889,95900,9.59,9.59,
1769396308.678856,2130,1.2594458438287155,1.2594458438287155,95900,9.59,8.330554156171285,
1769396308.7292926,2156,7.8085642317380355,7.8085642317380355,95900,9.59,1.7814357682619644,
1769396308.7798133,2179,13.602015113350127,13.602015113350127,95900,9.59,4.012015113350127,
1769396308.8304925,2198,18.387909319899247,18.387909319899247,95900,9.59,8.797909319899247,
1769396308.8812015,2212,21.91435768261965,21.91435768261965,95900,9.59,12.324357682619649,
1769396308.931675,2225,25.188916876574307,25.188916876574307,95900,9.59,15.598916876574307,[大偏差 15.6%]
1769396308.9821591,2239,28.71536523929471,28.71536523929471,95900,9.59,19.12536523929471,[大偏差 19.1%]
1769396309.0326223,2252,31.98992443324937,31.98992443324937,95900,9.59,22.39992443324937,[大偏差 22.4%]
1769396309.0830564,2265,35.26448362720403,35.26448362720403,95900,9.59,25.67448362720403,[大偏差 25.7%]
1769396309.133503,2279,38.79093198992443,38.79093198992443,95900,9.59,29.20093198992443,[大偏差 29.2%]
1769396309.1839783,2293,42.31738035264483,42.31738035264483,95900,9.59,32.72738035264483,[大偏差 32.7%]
1769396309.2343752,2310,46.59949622166247,46.59949622166247,95900,9.59,37.009496221662474,[大偏差 37.0%]
1769396309.2851076,2329,51.385390428211586,51.385390428211586,95900,9.59,41.79539042821159,[主臂过半] [大偏差 41.8%]
1769396309.3356953,2346,55.66750629722922,55.66750629722922,95900,9.59,46.07750629722922,[大偏差 46.1%]
1769396309.386513,2363,59.949622166246854,59.949622166246854,95900,9.59,50.35962216624685,[大偏差 50.4%]
1769396309.4370024,2378,63.72795969773299,63.72795969773299,95900,9.59,54.137959697732995,[大偏差 54.1%]
1769396309.4874594,2391,67.00251889168766,67.00251889168766,95900,9.59,57.412518891687654,[大偏差 57.4%]
1769396309.5379057,2399,69.0176322418136,69.0176322418136,95900,9.59,59.4276322418136,[大偏差 59.4%]
1769396309.5883331,2404,70.27707808564232,70.27707808564232,95900,9.59,60.68707808564231,[大偏差 60.7%]
1769396309.6387823,2404,70.27707808564232,70.27707808564232,95900,9.59,60.68707808564231,[大偏差 60.7%]
1769396309.6892123,2404,70.27707808564232,70.27707808564232,95900,9.59,60.68707808564231,[大偏差 60.7%]
1769396309.7397447,2404,70.27707808564232,70.27707808564232,95900,9.59,60.68707808564231,[大偏差 60.7%]
1769396309.7905033,2404,70.27707808564232,70.27707808564232,95900,9.59,60.68707808564231,[大偏差 60.7%]
1769396309.8412151,2406,70.7808564231738,70.7808564231738,95900,9.59,61.1908564231738,[大偏差 61.2%]
1769396309.891663,2427,76.0705289672544,76.0705289672544,95900,9.59,66.4805289672544,[大偏差 66.5%]
1769396309.9421084,2469,86.64987405541562,86.64987405541562,95900,9.59,77.05987405541562,[大偏差 77.1%]
1769396309.9925573,2504,95.46599496221663,95.46599496221663,95900,9.59,85.87599496221662,[大偏差 85.9%]
1769396310.0429955,2498,93.95465994962217,93.95465994962217,95900,9.59,84.36465994962217,[大偏差 84.4%]
1769396310.0934312,2493,92.69521410579345,92.69521410579345,95900,9.59,83.10521410579345,[大偏差 83.1%]
1769396310.1438658,2494,92.9471032745592,92.9471032745592,95900,9.59,83.3571032745592,[大偏差 83.4%]
1769396310.1943052,2494,92.9471032745592,92.9471032745592,95900,9.59,83.3571032745592,[大偏差 83.4%]
1769396310.2449136,2494,92.9471032745592,92.9471032745592,95900,9.59,83.3571032745592,[大偏差 83.4%]
1769396310.2957697,2494,92.9471032745592,92.9471032745592,95900,9.59,83.3571032745592,[大偏差 83.4%]
1769396310.346367,2494,92.9471032745592,92.9471032745592,95900,9.59,83.3571032745592,[大偏差 83.4%]
1769396310.3968048,2492,92.44332493702771,92.44332493702771,95900,9.59,82.85332493702771,[大偏差 82.9%]
1769396310.4472735,2491,92.19143576826197,92.19143576826197,95900,9.59,82.60143576826196,[大偏差 82.6%]
1769396310.4977732,2490,91.93954659949623,91.93954659949623,95900,9.59,82.34954659949622,[大偏差 82.3%]
1769396310.5482082,2490,91.93954659949623,91.93954659949623,95900,9.59,82.34954659949622,[大偏差 82.3%]
1769396310.5986383,2490,91.93954659949623,91.93954659949623,95900,9.59,82.34954659949622,[大偏差 82.3%]
1769396310.6490672,2481,89.67254408060454,89.67254408060454,95900,9.59,80.08254408060453,[大偏差 80.1%]
1769396310.6995065,2458,83.87909319899244,83.87909319899244,95900,9.59,74.28909319899243,[大偏差 74.3%]
1769396310.7502713,2432,77.32997481108312,77.32997481108312,95900,9.59,67.73997481108312,[大偏差 67.7%]
1769396310.8010552,2406,70.7808564231738,70.7808564231738,95900,9.59,61.1908564231738,[大偏差 61.2%]
1769396310.851576,2381,64.48362720403023,64.48362720403023,95900,9.59,54.893627204030224,[大偏差 54.9%]
1769396310.9020455,2358,58.69017632241813,58.69017632241813,95900,9.59,49.100176322418136,[大偏差 49.1%]
1769396310.9525342,2337,53.40050377833753,53.40050377833753,95900,9.59,43.810503778337534,[大偏差 43.8%]
1769396311.0030146,2315,47.858942065491185,47.858942065491185,95900,9.59,38.26894206549119,[大偏差 38.3%]
1769396311.0534723,2289,41.30982367758186,41.30982367758186,95900,9.59,31.71982367758186,[大偏差 31.7%]
1769396311.1039107,2262,34.5088161209068,34.5088161209068,95900,9.59,24.9188161209068,[大偏差 24.9%]
1769396311.1543565,2235,27.70780856423174,27.70780856423174,95900,9.59,18.11780856423174,[大偏差 18.1%]
1769396311.2050962,2210,21.41057934508816,21.41057934508816,95900,9.59,11.82057934508816,
1769396311.2562604,2189,16.120906801007557,16.120906801007557,95900,9.59,6.530906801007557,
1769396311.3067846,2173,12.090680100755668,12.090680100755668,95900,9.59,2.500680100755668,
1769396311.3572335,2163,9.571788413098236,9.571788413098236,95900,9.59,0.01821158690176361,
1769396311.407683,2159,8.564231738035264,8.564231738035264,95900,9.59,1.0257682619647355,
1769396311.4581037,2158,8.312342569269521,8.312342569269521,95900,9.59,1.2776574307304784,
1769396311.508549,2158,8.312342569269521,8.312342569269521,95900,9.59,1.2776574307304784,
1769396311.559075,2158,8.312342569269521,8.312342569269521,95900,9.59,1.2776574307304784,
1769396311.609539,2158,8.312342569269521,8.312342569269521,95900,9.59,1.2776574307304784,
1769396311.6607862,2158,8.312342569269521,8.312342569269521,95900,9.59,1.2776574307304784,
1769396311.7112956,2158,8.312342569269521,8.312342569269521,95900,9.59,1.2776574307304784,
1769396311.7617927,2158,8.312342569269521,8.312342569269521,95900,9.59,1.2776574307304784,
1769396311.8122315,2158,8.312342569269521,8.312342569269521,95900,9.59,1.2776574307304784,
1769396311.8626835,2158,8.312342569269521,8.312342569269521,95900,9.59,1.2776574307304784,
1769396311.913111,2158,8.312342569269521,8.312342569269521,95900,9.59,1.2776574307304784,
1769396311.9635575,2158,8.312342569269521,8.312342569269521,95900,9.59,1.2776574307304784,
1769396312.0140326,2158,8.312342569269521,8.312342569269521,95900,9.59,1.2776574307304784,
1769396312.0644622,2158,8.312342569269521,8.312342569269521,95900,9.59,1.2776574307304784,
1769396312.115262,2158,8.312342569269521,8.312342569269521,95900,9.59,1.2776574307304784,
1769396312.1659126,2158,8.312342569269521,8.312342569269521,95900,9.59,1.2776574307304784,
1769396312.216603,2158,8.312342569269521,8.312342569269521,95900,9.59,1.2776574307304784,
1769396312.2670586,2158,8.312342569269521,8.312342569269521,95900,9.59,1.2776574307304784,
1769396312.3174937,2158,8.312342569269521,8.312342569269521,95900,9.59,1.2776574307304784,
1769396312.3679128,2158,8.312342569269521,8.312342569269521,95900,9.59,1.2776574307304784,
1769396312.4183447,2158,8.312342569269521,8.312342569269521,95900,9.59,1.2776574307304784,
1769396312.4688003,2158,8.312342569269521,8.312342569269521,95900,9.59,1.2776574307304784,
1769396312.5193055,2158,8.312342569269521,8.312342569269521,95900,9.59,1.2776574307304784,
1769396312.5699904,2158,8.312342569269521,8.312342569269521,95900,9.59,1.2776574307304784,
1769396312.6206946,2158,8.312342569269521,8.312342569269521,95900,9.59,1.2776574307304784,
1769396312.6714623,2158,8.312342569269521,8.312342569269521,95900,9.59,1.2776574307304784,
1769396312.721895,2158,8.312342569269521,8.312342569269521,95900,9.59,1.2776574307304784,
1769396312.77234,2158,8.312342569269521,8.312342569269521,95900,9.59,1.2776574307304784,
1769396312.8228164,2158,8.312342569269521,8.312342569269521,95900,9.59,1.2776574307304784,
1769396312.8732405,2158,8.312342569269521,8.312342569269521,95900,9.59,1.2776574307304784,
1769396312.9236708,2158,8.312342569269521,8.312342569269521,95900,9.59,1.2776574307304784,
1769396312.9740994,2158,8.312342569269521,8.312342569269521,95900,9.59,1.2776574307304784,
1769396313.0245636,2158,8.312342569269521,8.312342569269521,95900,9.59,1.2776574307304784,
1769396313.0752547,2158,8.312342569269521,8.312342569269521,95900,9.59,1.2776574307304784,
1769396313.1258333,2158,8.312342569269521,8.312342569269521,95900,9.59,1.2776574307304784,
1769396313.176459,2158,8.312342569269521,8.312342569269521,95900,9.59,1.2776574307304784,
1769396313.226904,2158,8.312342569269521,8.312342569269521,95900,9.59,1.2776574307304784,
1769396313.277338,2158,8.312342569269521,8.312342569269521,95900,9.59,1.2776574307304784,
1769396313.3278182,2158,8.312342569269521,8.312342569269521,95900,9.59,1.2776574307304784,
1769396313.3782353,2158,8.312342569269521,8.312342569269521,95900,9.59,1.2776574307304784,
1769396313.428643,2158,8.312342569269521,8.312342569269521,95900,9.59,1.2776574307304784,
1769396313.4791002,2158,8.312342569269521,8.312342569269521,95900,9.59,1.2776574307304784,
1769396313.5295713,2158,8.312342569269521,8.312342569269521,95900,9.59,1.2776574307304784,
1769396313.5803666,2158,8.312342569269521,8.312342569269521,95900,9.59,1.2776574307304784,
1769396313.631195,2158,8.312342569269521,8.312342569269521,95900,9.59,1.2776574307304784,
1769396313.6817534,2158,8.312342569269521,8.312342569269521,95900,9.59,1.2776574307304784,
1769396313.732189,2158,8.312342569269521,8.312342569269521,95900,9.59,1.2776574307304784,
1769396313.7826538,2158,8.312342569269521,8.312342569269521,95900,9.59,1.2776574307304784,
1769396313.8331404,2158,8.312342569269521,8.312342569269521,95900,9.59,1.2776574307304784,
1769396313.883589,2158,8.312342569269521,8.312342569269521,95900,9.59,1.2776574307304784,
1769396313.9340687,2158,8.312342569269521,8.312342569269521,95900,9.59,1.2776574307304784,
1769396313.9845238,2158,8.312342569269521,8.312342569269521,95900,9.59,1.2776574307304784,
1769396314.0352826,2158,8.312342569269521,8.312342569269521,95900,9.59,1.2776574307304784,
1769396314.0860922,2157,8.060453400503778,8.060453400503778,95900,9.59,1.5295465994962214,
1769396314.1368454,2140,3.7783375314861463,3.7783375314861463,95900,9.59,5.811662468513854,
1769396314.187304,2097,0.0,-7.052896725440807,95900,9.59,9.59,
1769396314.237783,2040,0.0,-21.41057934508816,95900,9.59,9.59,
1769396314.2882376,1997,0.0,-32.241813602015114,95900,9.59,9.59,
1769396314.3387215,1981,0.0,-36.272040302267,95900,9.59,9.59,
1769396314.3891768,1980,0.0,-36.523929471032744,95900,9.59,9.59,
1769396314.4396093,1980,0.0,-36.523929471032744,95900,9.59,9.59,
1769396314.4905481,1979,0.0,-36.775818639798494,95900,9.59,9.59,
1769396314.5410137,1979,0.0,-36.775818639798494,95900,9.59,9.59,
1769396314.5917118,1978,0.0,-37.02770780856423,95900,9.59,9.59,
1769396314.6421688,1978,0.0,-37.02770780856423,95900,9.59,9.59,
1769396314.6926224,1978,0.0,-37.02770780856423,95900,9.59,9.59,
1769396314.7431722,1978,0.0,-37.02770780856423,95900,9.59,9.59,
1769396314.793625,1978,0.0,-37.02770780856423,95900,9.59,9.59,
1769396314.8441374,1978,0.0,-37.02770780856423,95900,9.59,9.59,
1769396314.8946009,1978,0.0,-37.02770780856423,95900,9.59,9.59,
1769396314.9455411,1977,0.0,-37.27959697732997,95900,9.59,9.59,
1769396314.996149,1977,0.0,-37.27959697732997,95900,9.59,9.59,
1769396315.0467572,1977,0.0,-37.27959697732997,95900,9.59,9.59,
1769396315.0972042,1977,0.0,-37.27959697732997,95900,9.59,9.59,
1769396315.147627,1977,0.0,-37.27959697732997,95900,9.59,9.59,
1769396315.1980996,1977,0.0,-37.27959697732997,95900,9.59,9.59,
1769396315.2485857,1977,0.0,-37.27959697732997,95900,9.59,9.59,
1769396315.2990258,1977,0.0,-37.27959697732997,95900,9.59,9.59,
1769396315.3494492,1977,0.0,-37.27959697732997,95900,9.59,9.59,
1769396315.4002805,1977,0.0,-37.27959697732997,95900,9.59,9.59,
1769396315.4512417,1977,0.0,-37.27959697732997,95900,9.59,9.59,
1769396315.501696,1977,0.0,-37.27959697732997,95900,9.59,9.59,
1769396315.5521526,1977,0.0,-37.27959697732997,95900,9.59,9.59,
1769396315.6025972,1977,0.0,-37.27959697732997,95900,9.59,9.59,
1769396315.653097,1977,0.0,-37.27959697732997,95900,9.59,9.59,
1769396315.7035375,1977,0.0,-37.27959697732997,95900,9.59,9.59,
1769396315.753985,1977,0.0,-37.27959697732997,95900,9.59,9.59,
1769396315.8044086,1977,0.0,-37.27959697732997,95900,9.59,9.59,
1769396315.8551342,1977,0.0,-37.27959697732997,95900,9.59,9.59,
1769396315.905823,1977,0.0,-37.27959697732997,95900,9.59,9.59,
1769396315.9563823,1977,0.0,-37.27959697732997,95900,9.59,9.59,
1769396316.0068753,1977,0.0,-37.27959697732997,95900,9.59,9.59,
1769396316.0573058,1977,0.0,-37.27959697732997,95900,9.59,9.59,
1769396316.1077461,1977,0.0,-37.27959697732997,95900,9.59,9.59,
1769396316.1581702,1977,0.0,-37.27959697732997,95900,9.59,9.59,
1769396316.208597,1977,0.0,-37.27959697732997,95900,9.59,9.59,
1769396316.2590208,1977,0.0,-37.27959697732997,95900,9.59,9.59,
1769396316.3094761,1977,0.0,-37.27959697732997,95900,9.59,9.59,
1769396316.3601513,1977,0.0,-37.27959697732997,95900,9.59,9.59,
1769396316.410884,1977,0.0,-37.27959697732997,95900,9.59,9.59,
1769396316.4615216,1977,0.0,-37.27959697732997,95900,9.59,9.59,
1769396316.511988,1977,0.0,-37.27959697732997,95900,9.59,9.59,
1769396316.5624359,1977,0.0,-37.27959697732997,95900,9.59,9.59,
1769396316.6129098,1977,0.0,-37.27959697732997,95900,9.59,9.59,
1769396316.6633735,1977,0.0,-37.27959697732997,95900,9.59,9.59,
1769396316.7138295,1977,0.0,-37.27959697732997,95900,9.59,9.59,
1769396316.7642906,1977,0.0,-37.27959697732997,95900,9.59,9.59,
1769396316.8147433,1977,0.0,-37.27959697732997,95900,9.59,9.59,
1769396316.8655639,1977,0.0,-37.27959697732997,95900,9.59,9.59,
1769396316.916324,1977,0.0,-37.27959697732997,95900,9.59,9.59,
1769396316.966943,1977,0.0,-37.27959697732997,95900,9.59,9.59,
1769396317.0174112,1977,0.0,-37.27959697732997,95900,9.59,9.59,
1769396317.0679271,1977,0.0,-37.27959697732997,95900,9.59,9.59,
1769396317.1184297,1977,0.0,-37.27959697732997,95900,9.59,9.59,
1769396317.168924,1977,0.0,-37.27959697732997,95900,9.59,9.59,
1769396317.2194347,1977,0.0,-37.27959697732997,95900,9.59,9.59,
1769396317.2700841,1977,0.0,-37.27959697732997,95900,9.59,9.59,
1769396317.3211832,1977,0.0,-37.27959697732997,95900,9.59,9.59,
1769396317.371705,1977,0.0,-37.27959697732997,95900,9.59,9.59,
1769396317.422131,1977,0.0,-37.27959697732997,95900,9.59,9.59,
1769396317.4725585,1977,0.0,-37.27959697732997,95900,9.59,9.59,
1769396317.523,1977,0.0,-37.27959697732997,95900,9.59,9.59,
1769396317.5734231,1977,0.0,-37.27959697732997,95900,9.59,9.59,
1769396317.6239383,1977,0.0,-37.27959697732997,95900,9.59,9.59,
1769396317.674377,1977,0.0,-37.27959697732997,95900,9.59,9.59,
1769396317.7248924,1977,0.0,-37.27959697732997,95900,9.59,9.59,
1769396317.7757611,1977,0.0,-37.27959697732997,95900,9.59,9.59,
1769396317.8264165,1977,0.0,-37.27959697732997,95900,9.59,9.59,
1769396317.8769093,1977,0.0,-37.27959697732997,95900,9.59,9.59,
1769396317.927357,1977,0.0,-37.27959697732997,95900,9.59,9.59,
1769396317.9777763,1977,0.0,-37.27959697732997,95900,9.59,9.59,
1769396318.0282357,1977,0.0,-37.27959697732997,95900,9.59,9.59,
1769396318.078659,1977,0.0,-37.27959697732997,95900,9.59,9.59,
1769396318.129191,1977,0.0,-37.27959697732997,95900,9.59,9.59,
1769396318.1796343,1977,0.0,-37.27959697732997,95900,9.59,9.59,
1769396318.2302208,1977,0.0,-37.27959697732997,95900,9.59,9.59,
1769396318.2808847,1977,0.0,-37.27959697732997,95900,9.59,9.59,
1769396318.3316417,1977,0.0,-37.27959697732997,95900,9.59,9.59,
1769396318.382077,1977,0.0,-37.27959697732997,95900,9.59,9.59,
1769396318.4325447,1977,0.0,-37.27959697732997,95900,9.59,9.59,
1769396318.4829874,1977,0.0,-37.27959697732997,95900,9.59,9.59,
1769396318.5334072,1977,0.0,-37.27959697732997,95900,9.59,9.59,
1769396318.583859,1977,0.0,-37.27959697732997,95900,9.59,9.59,
1769396318.6342895,1977,0.0,-37.27959697732997,95900,9.59,9.59,
1769396318.6847088,1977,0.0,-37.27959697732997,95900,9.59,9.59,
1769396318.7354836,1977,0.0,-37.27959697732997,95900,9.59,9.59,
1769396318.785987,1977,0.0,-37.27959697732997,95900,9.59,9.59,
1769396318.8366048,1977,0.0,-37.27959697732997,95900,9.59,9.59,
1769396318.8870308,1977,0.0,-37.27959697732997,95900,9.59,9.59,
1769396318.9374502,1977,0.0,-37.27959697732997,95900,9.59,9.59,
1769396318.9879336,1977,0.0,-37.27959697732997,95900,9.59,9.59,
1769396319.0383134,1977,0.0,-37.27959697732997,95900,9.59,9.59,
1769396319.0887523,1977,0.0,-37.27959697732997,95900,9.59,9.59,
1769396319.1391861,1977,0.0,-37.27959697732997,95900,9.59,9.59,
1769396319.1896105,1977,0.0,-37.27959697732997,95900,9.59,9.59,
1769396319.240215,1977,0.0,-37.27959697732997,95900,9.59,9.59,
1769396319.2907894,1977,0.0,-37.27959697732997,95900,9.59,9.59,
1769396319.3415563,1977,0.0,-37.27959697732997,95900,9.59,9.59,
1769396319.3919947,1977,0.0,-37.27959697732997,95900,9.59,9.59,
1769396319.4424393,1977,0.0,-37.27959697732997,95900,9.59,9.59,
1769396319.4928632,1977,0.0,-37.27959697732997,95900,9.59,9.59,
1769396319.54329,1977,0.0,-37.27959697732997,95900,9.59,9.59,
1769396319.593715,1977,0.0,-37.27959697732997,95900,9.59,9.59,
1769396319.644185,1977,0.0,-37.27959697732997,95900,9.59,9.59,
1769396319.6946201,1977,0.0,-37.27959697732997,95900,9.59,9.59,
1769396319.7452054,1977,0.0,-37.27959697732997,95900,9.59,9.59,
1769396319.7958014,1977,0.0,-37.27959697732997,95900,9.59,9.59,
1769396319.8465364,1977,0.0,-37.27959697732997,95900,9.59,9.59,
1769396319.896952,1977,0.0,-37.27959697732997,95900,9.59,9.59,
1769396319.947385,1977,0.0,-37.27959697732997,95900,9.59,9.59,
1769396319.9978034,1977,0.0,-37.27959697732997,95900,9.59,9.59,
1769396320.0482612,1977,0.0,-37.27959697732997,95900,9.59,9.59,
1769396320.0987148,1977,0.0,-37.27959697732997,95900,9.59,9.59,
1769396320.1491792,1977,0.0,-37.27959697732997,95900,9.59,9.59,
1769396320.1996262,1977,0.0,-37.27959697732997,95900,9.59,9.59,
1769396320.2502587,1977,0.0,-37.27959697732997,95900,9.59,9.59,
1769396320.30078,1977,0.0,-37.27959697732997,95900,9.59,9.59,
1769396320.3514557,1977,0.0,-37.27959697732997,95900,9.59,9.59,
1769396320.4020944,1977,0.0,-37.27959697732997,95900,9.59,9.59,
1769396320.4525535,1977,0.0,-37.27959697732997,95900,9.59,9.59,
1769396320.5029964,1977,0.0,-37.27959697732997,95900,9.59,9.59,
1769396320.553431,1977,0.0,-37.27959697732997,95900,9.59,9.59,
1769396320.603894,1977,0.0,-37.27959697732997,95900,9.59,9.59,
1769396320.6543393,1977,0.0,-37.27959697732997,95900,9.59,9.59,
1769396320.7047668,1977,0.0,-37.27959697732997,95900,9.59,9.59,
1769396320.7553098,1977,0.0,-37.27959697732997,95900,9.59,9.59,
1769396320.8058317,1977,0.0,-37.27959697732997,95900,9.59,9.59,
1769396320.8565273,1977,0.0,-37.27959697732997,95900,9.59,9.59,
1769396320.9069722,1977,0.0,-37.27959697732997,95900,9.59,9.59,
1769396320.9574172,1977,0.0,-37.27959697732997,95900,9.59,9.59,
1769396321.0078325,1977,0.0,-37.27959697732997,95900,9.59,9.59,
1769396321.0582528,1977,0.0,-37.27959697732997,95900,9.59,9.59,
1769396321.108644,1977,0.0,-37.27959697732997,95900,9.59,9.59,
1769396321.1590776,1977,0.0,-37.27959697732997,95900,9.59,9.59,
1769396321.2095184,1977,0.0,-37.27959697732997,95900,9.59,9.59,
1769396321.260057,1977,0.0,-37.27959697732997,95900,9.59,9.59,
1769396321.3105798,1977,0.0,-37.27959697732997,95900,9.59,9.59,
1769396321.3613467,1977,0.0,-37.27959697732997,95900,9.59,9.59,
1769396321.4119368,1977,0.0,-37.27959697732997,95900,9.59,9.59,
1769396321.4623382,1977,0.0,-37.27959697732997,95900,9.59,9.59,
1769396321.5127525,1977,0.0,-37.27959697732997,95900,9.59,9.59,
1769396321.563228,1977,0.0,-37.27959697732997,95900,9.59,9.59,
1769396321.6136496,1977,0.0,-37.27959697732997,95900,9.59,9.59,
1769396321.6640522,1977,0.0,-37.27959697732997,95900,9.59,9.59,
1769396321.7144659,1977,0.0,-37.27959697732997,95900,9.59,9.59,
1769396321.7648783,1977,0.0,-37.27959697732997,95900,9.59,9.59,
1769396321.8154626,1977,0.0,-37.27959697732997,95900,9.59,9.59,
1769396321.865926,1977,0.0,-37.27959697732997,95900,9.59,9.59,
1769396321.916429,1977,0.0,-37.27959697732997,95900,9.59,9.59,
1769396321.9668782,1977,0.0,-37.27959697732997,95900,9.59,9.59,
1769396322.0173059,1977,0.0,-37.27959697732997,95900,9.59,9.59,
1769396322.0677242,1977,0.0,-37.27959697732997,95900,9.59,9.59,
1769396322.1181426,1977,0.0,-37.27959697732997,95900,9.59,9.59,
1769396322.1685684,1977,0.0,-37.27959697732997,95900,9.59,9.59,
1769396322.2190125,1977,0.0,-37.27959697732997,95900,9.59,9.59,
1769396322.2694952,1977,0.0,-37.27959697732997,95900,9.59,9.59,
1769396322.3200004,1977,0.0,-37.27959697732997,95900,9.59,9.59,
1769396322.3706079,1977,0.0,-37.27959697732997,95900,9.59,9.59,
1769396322.421187,1977,0.0,-37.27959697732997,95900,9.59,9.59,
1769396322.4717443,1977,0.0,-37.27959697732997,95900,9.59,9.59,
1769396322.5222633,1977,0.0,-37.27959697732997,95900,9.59,9.59,
1769396322.5726972,1977,0.0,-37.27959697732997,95900,9.59,9.59,
1769396322.6231556,1977,0.0,-37.27959697732997,95900,9.59,9.59,
1769396322.6735685,1977,0.0,-37.27959697732997,95900,9.59,9.59,
1769396322.7240133,1977,0.0,-37.27959697732997,95900,9.59,9.59,
1769396322.7744544,1977,0.0,-37.27959697732997,95900,9.59,9.59,
1769396322.8248804,1977,0.0,-37.27959697732997,95900,9.59,9.59,
1769396322.875652,1977,0.0,-37.27959697732997,95900,9.59,9.59,
1769396322.9263458,1977,0.0,-37.27959697732997,95900,9.59,9.59,
1769396322.9768686,1977,0.0,-37.27959697732997,95900,9.59,9.59,
1769396323.0272913,1977,0.0,-37.27959697732997,95900,9.59,9.59,
1769396323.077711,1977,0.0,-37.27959697732997,95900,9.59,9.59,
1769396323.1281319,1977,0.0,-37.27959697732997,95900,9.59,9.59,
1769396323.1785486,1977,0.0,-37.27959697732997,95900,9.59,9.59,
1769396323.2290184,1977,0.0,-37.27959697732997,95900,9.59,9.59,
1769396323.279441,1977,0.0,-37.27959697732997,95900,9.59,9.59,
1769396323.3298662,1977,0.0,-37.27959697732997,95900,9.59,9.59,
1769396323.3804252,1977,0.0,-37.27959697732997,95900,9.59,9.59,
1769396323.4311185,1977,0.0,-37.27959697732997,95900,9.59,9.59,
1769396323.4817638,1977,0.0,-37.27959697732997,95900,9.59,9.59,
1769396323.5321836,1977,0.0,-37.27959697732997,95900,9.59,9.59,
1769396323.5826178,1977,0.0,-37.27959697732997,95900,9.59,9.59,
1769396323.6330514,1977,0.0,-37.27959697732997,95900,9.59,9.59,
1769396323.683475,1977,0.0,-37.27959697732997,95900,9.59,9.59,
1769396323.7338967,1977,0.0,-37.27959697732997,95900,9.59,9.59,
1769396323.784321,1977,0.0,-37.27959697732997,95900,9.59,9.59,
1769396323.8348022,1977,0.0,-37.27959697732997,95900,9.59,9.59,
1769396323.885776,1977,0.0,-37.27959697732997,95900,9.59,9.59,
1769396323.9363923,1977,0.0,-37.27959697732997,95900,9.59,9.59,
1769396323.9870255,1977,0.0,-37.27959697732997,95900,9.59,9.59,
1769396324.037464,1977,0.0,-37.27959697732997,95900,9.59,9.59,
1769396324.087901,1977,0.0,-37.27959697732997,95900,9.59,9.59,
1769396324.1383204,1977,0.0,-37.27959697732997,95900,9.59,9.59,
1769396324.188731,1977,0.0,-37.27959697732997,95900,9.59,9.59,
1769396324.2391574,1977,0.0,-37.27959697732997,95900,9.59,9.59,
1769396324.2895746,1977,0.0,-37.27959697732997,95900,9.59,9.59,
1769396324.3401668,1977,0.0,-37.27959697732997,95900,9.59,9.59,
1769396324.390856,1977,0.0,-37.27959697732997,95900,9.59,9.59,
1769396324.4415047,1977,0.0,-37.27959697732997,95900,9.59,9.59,
1769396324.4919899,1977,0.0,-37.27959697732997,95900,9.59,9.59,
1769396324.5424392,1977,0.0,-37.27959697732997,95900,9.59,9.59,
1769396324.592864,1977,0.0,-37.27959697732997,95900,9.59,9.59,
1769396324.643295,1977,0.0,-37.27959697732997,95900,9.59,9.59,
1769396324.6937003,1977,0.0,-37.27959697732997,95900,9.59,9.59,
1769396324.7441452,1977,0.0,-37.27959697732997,95900,9.59,9.59,
1769396324.7946012,1977,0.0,-37.27959697732997,95900,9.59,9.59,
1769396324.8454394,1977,0.0,-37.27959697732997,95900,9.59,9.59,
1769396324.8963835,1977,0.0,-37.27959697732997,95900,9.59,9.59,
1769396324.9469638,1977,0.0,-37.27959697732997,95900,9.59,9.59,
1769396324.9974372,1977,0.0,-37.27959697732997,95900,9.59,9.59,
1769396325.0478868,1977,0.0,-37.27959697732997,95900,9.59,9.59,
1769396325.0983293,1977,0.0,-37.27959697732997,95900,9.59,9.59,
1769396325.1487832,1977,0.0,-37.27959697732997,95900,9.59,9.59,
1769396325.1992183,1977,0.0,-37.27959697732997,95900,9.59,9.59,
1769396325.2496612,1977,0.0,-37.27959697732997,95900,9.59,9.59,
1769396325.3002226,1977,0.0,-37.27959697732997,95900,9.59,9.59,
1769396325.3508894,1977,0.0,-37.27959697732997,95900,9.59,9.59,
1769396325.4016142,1977,0.0,-37.27959697732997,95900,9.59,9.59,
1769396325.4521086,1977,0.0,-37.27959697732997,95900,9.59,9.59,
1769396325.502573,1977,0.0,-37.27959697732997,95900,9.59,9.59,
1769396325.5531137,1977,0.0,-37.27959697732997,95900,9.59,9.59,
1769396325.6035337,1977,0.0,-37.27959697732997,95900,9.59,9.59,
1769396325.6541088,1977,0.0,-37.27959697732997,95900,9.59,9.59,
1769396325.7045555,1977,0.0,-37.27959697732997,95900,9.59,9.59,
1769396325.7550797,1977,0.0,-37.27959697732997,95900,9.59,9.59,
1769396325.8056595,1977,0.0,-37.27959697732997,95900,9.59,9.59,
1769396325.8561897,1977,0.0,-37.27959697732997,95900,9.59,9.59,
1769396325.9068944,1977,0.0,-37.27959697732997,95900,9.59,9.59,
1769396325.9573288,1977,0.0,-37.27959697732997,95900,9.59,9.59,
1769396326.007744,1977,0.0,-37.27959697732997,95900,9.59,9.59,
1769396326.058164,1977,0.0,-37.27959697732997,95900,9.59,9.59,
1769396326.1085982,1977,0.0,-37.27959697732997,95900,9.59,9.59,
1769396326.1590843,1977,0.0,-37.27959697732997,95900,9.59,9.59,
1769396326.2094996,1977,0.0,-37.27959697732997,95900,9.59,9.59,
1769396326.2599459,1977,0.0,-37.27959697732997,95900,9.59,9.59,
1769396326.3105865,1977,0.0,-37.27959697732997,95900,9.59,9.59,
1769396326.361387,1977,0.0,-37.27959697732997,95900,9.59,9.59,
1769396326.411913,1977,0.0,-37.27959697732997,95900,9.59,9.59,
1769396326.462392,1977,0.0,-37.27959697732997,95900,9.59,9.59,
1769396326.5128171,1977,0.0,-37.27959697732997,95900,9.59,9.59,
1769396326.5632544,1977,0.0,-37.27959697732997,95900,9.59,9.59,
1769396326.613667,1977,0.0,-37.27959697732997,95900,9.59,9.59,
1769396326.6640973,1977,0.0,-37.27959697732997,95900,9.59,9.59,
1769396326.71453,1977,0.0,-37.27959697732997,95900,9.59,9.59,
1769396326.7649646,1977,0.0,-37.27959697732997,95900,9.59,9.59,
1769396326.8157046,1977,0.0,-37.27959697732997,95900,9.59,9.59,
1769396326.8662968,1977,0.0,-37.27959697732997,95900,9.59,9.59,
1769396326.9170823,1977,0.0,-37.27959697732997,95900,9.59,9.59,
1769396326.9675364,1977,0.0,-37.27959697732997,95900,9.59,9.59,
1769396327.0179665,1977,0.0,-37.27959697732997,95900,9.59,9.59,
1769396327.0683944,1977,0.0,-37.27959697732997,95900,9.59,9.59,
1769396327.118826,1977,0.0,-37.27959697732997,95900,9.59,9.59,
1769396327.1692662,1977,0.0,-37.27959697732997,95900,9.59,9.59,
1769396327.219685,1977,0.0,-37.27959697732997,95900,9.59,9.59,
1769396327.270487,1977,0.0,-37.27959697732997,95900,9.59,9.59,
1769396327.3212342,1977,0.0,-37.27959697732997,95900,9.59,9.59,
1769396327.3720093,1977,0.0,-37.27959697732997,95900,9.59,9.59,
1769396327.4224463,1977,0.0,-37.27959697732997,95900,9.59,9.59,
1769396327.4728863,1977,0.0,-37.27959697732997,95900,9.59,9.59,
1769396327.5233765,1977,0.0,-37.27959697732997,95900,9.59,9.59,
1769396327.5738492,1977,0.0,-37.27959697732997,95900,9.59,9.59,
